{"pinky_1_dof_coeff": 1.0, "origin": [0.09566993092407175, 0.006383428857461437, 0.006186305280135195],
  "mid_2_tau0": [[0.9934826189929388, -0.11398370830487733, 0.0], [0.11398370830487733, 0.9934826189929388, 0.0], [0.0, 0.0, 1.0]],
  "index_0_tau0": [[1.0, 0.0, 0.0], [0.0, 6.123233995736766e-17, -1.0], [0.0, 1.0, 6.123233995736766e-17]], "mid_0_dof_coeff": 1.0, "mid_2_dof_coeff": 1.0,
  "ring_0_limits": [-0.3490658503988659, 0.3490658503988659], "pinky_1_tau0": [[0.9992248811443214, 0.03936542775223806, 0.0], [-0.03936542775223806, 0.9992248811443214, 0.0], [0.0, 0.0, 1.0]], "thumb_graspit_origin": [[-0.1486, 0.2665, -0.9522], [-0.9003, 0.3618, 0.2418], [0.4089, 0.8933, 0.1862]], "index_1_dh": [-0.004971609682643586, -0.10736993599001789, -0.032621835537580794, 0.0], "pinky_0_dof_index": 9, "thumb_0_dof_index": 12, "mid_0_tau0": [[1.0, 0.0, 0.0], [0.0, 6.123233995736766e-17, -1.0], [0.0, 1.0, 6.123233995736766e-17]], "mid_3_limits": [-0.17453292519943295, 1.5707963267948966], "index_1_dof_coeff": 1.0, "pinky_3_tau0": [[1.0, 0.0, 0.0], [0.0, 1.0, 0.0], [0.0, 0.0, 1.0]], "index_2_tau0": [[0.9832309837850689, -0.182364559399697, 0.0], [0.182364559399697, 0.9832309837850689, 0.0], [0.0, 0.0, 1.0]], "pinky_mano_origin": [[0.8519074579524567, 0.03731153542214914, 0.5223614959100881], [-0.03731153542214914, 0.9992482612078805, -0.010524343089673127], [-0.5223614959100881, -0.010524343089673127, 0.8526591967445762]], "pinky_graspit_origin": [[1.0, 0.0, 0.0], [0.0, 6.123233995736766e-17, 1.0], [0.0, -1.0, 6.123233995736766e-17]], "ring_0_dh": [0.0, 0.0, 0.0, 1.5707963267948966], "index_2_dof_coeff": 1.0, "thumb_3_dof_index": 15, "thumb_1_dof_index": 13, "index_0_dof_index": 0, "index_mano_origin": [[0.9757943863909249, -0.015581017262157408, -0.2181342416702037], [0.015581017262157408, 0.9998771288649285, -0.001720195891000264], [0.2181342416702037, -0.001720195891000264, 0.9759172575259963]], "pinky_1_dof_index": 10, "pinky_0_tau0": [[1.0, 0.0, 0.0], [0.0, 6.123233995736766e-17, -1.0], [0.0, 1.0, 6.123233995736766e-17]], "ring_1_dh": [-0.001172505946038467, -0.08154210739687011, -0.028819975929187794, 0.0], "thumb_1_dof_coeff": 1.0, "thumb_0_tau0": [[1.0, 0.0, 0.0], [0.0, 6.123233995736766e-17, -1.0], [0.0, 1.0, 6.123233995736766e-17]], "index_1_tau0": [[0.9942413838691276, 0.10716375600921227, 0.0], [-0.10716375600921227, 0.9942413838691276, 0.0], [0.0, 0.0, 1.0]], "ring_2_dof_index": 8, "mid_3_tau0": [[1.0, 0.0, 0.0], [0.0, 1.0, 0.0], [0.0, 0.0, 1.0]], "mid_2_dof_index": 5, "index_3_dh": [0.0, 0.0, 0.0, 0.0], "ring_3_dh": [0.0, 0.0, 0.0, 0.0], "pinky_2_tau0": [[0.9992457695446755, -0.03883158568832025, 0.0], [0.03883158568832025, 0.9992457695446755, 0.0], [0.0, 0.0, 1.0]], "ring_3_dof_coeff": 0.6, "pinky_0_limits": [-0.5235987755982988, 0.5235987755982988], "pinky_3_dof_coeff": 0.6, "mid_3_dof_coeff": 0.6, "thumb_0_limits": [-0.17453292519943295, 1.2217304763960306], "thumb_mano_origin": [[0.9149654662086122, -0.2377999551171836, -0.32602051621320166], [0.006630183705658196, 0.8166670433881872, -0.5770710362751073], [0.40347767758537306, 0.5258384938266334, 0.7487987994785058]], "thumb_2_tau0": [[0.9366596033770209, -0.3033176396967401, 0.17512052092887476], [0.35024104185774957, 0.8111710112231567, -0.4683298016885104], [0.0, 0.49999999999999994, 0.8660254037844387]], "pinky_3_dh": [0.0, 0.0, 0.0, 0.0], "ring_0_tau0": [[1.0, 0.0, 0.0], [0.0, 6.123233995736766e-17, -1.0], [0.0, 1.0, 6.123233995736766e-17]], "thumb_1_limits": [-0.8726646259971648, 0.4363323129985824], "mid_3_dof_index": 5, "pinky_3_dof_index": 11, "mid_1_dof_index": 4, "thumb_3_dh": [0.0, 0.0, 0.0, 0.0], "thumb_2_dh": [0.00771929615296005, 0.3578284332701853, 0.025968279657614175, 0.5235987755982988], "ring_2_dh": [-0.004338136999407341, 0.1411064714087776, -0.02440327711015225, 0.0], "index_3_tau0": [[1.0, 0.0, 0.0], [0.0, 1.0, 0.0], [0.0, 0.0, 1.0]], "ring_0_dof_index": 6, "pinky_2_dof_coeff": 1.0, "thumb_1_tau0": [[0.6462685886169881, -0.5489354135437992, 0.5301007669533259], [0.7631100257282735, 0.4648867175008861, -0.448935884647513], [0.0, 0.6946583704589973, 0.7193398003386512]], "pinky_1_dh": [-0.0017701744014859619, -0.03937560186853856, -0.0210375798237365, 0.0], "mid_2_dh": [-0.003944514002735955, 0.11423198074525119, -0.02293883844603994, 0.0], "mid_1_tau0": [[0.9982232319282259, 0.05958505885511314, 0.0], [-0.05958505885511314, 0.9982232319282259, 0.0], [0.0, 0.0, 1.0]], "ring_graspit_origin": [[1.0, 0.0, 0.0], [0.0, 6.123233995736766e-17, 1.0], [0.0, -1.0, 6.123233995736766e-17]], "thumb_2_dof_index": 14, "index_0_dof_coeff": 1.0, "index_3_limits": [-0.17453292519943295, 1.5707963267948966], "mid_2_limits": [-0.17453292519943295, 1.5707963267948966], "ring_2_tau0": [[0.9900609896272441, -0.14063867468915514, 0.0], [0.14063867468915514, 0.9900609896272441, 0.0], [0.0, 0.0, 1.0]], "ring_3_tau0": [[1.0, 0.0, 0.0], [0.0, 1.0, 0.0], [0.0, 0.0, 1.0]], "index_3_dof_coeff": 0.6, "thumb_2_limits": [-0.0, 1.5707963267948966], "pinky_0_dof_coeff": 1.0, "ring_3_limits": [-0.17453292519943295, 1.5707963267948966], "ring_2_limits": [-0.17453292519943295, 1.5707963267948966], "index_0_limits": [-0.3490658503988659, 0.3490658503988659], "thumb_3_dof_coeff": 1.0, "ring_1_limits": [-0.17453292519943295, 1.5707963267948966], "thumb_0_dh": [0.0, 0.0, 0.0, 1.5707963267948966], "ring_0_dof_coeff": 1.0, "index_1_dof_index": 1, "index_graspit_origin": [[1.0, 0.0, 0.0], [0.0, 6.123233995736766e-17, 1.0], [0.0, -1.0, 6.123233995736766e-17]], "ring_1_dof_index": 7, "mid_0_dh": [0.0, 0.0, 0.0, 1.5707963267948966], "thumb_3_limits": [-0.0, 1.7453292519943295], "index_3_dof_index": 2, "pinky_1_limits": [-0.17453292519943295, 1.5707963267948966], "pinky_2_limits": [-0.17453292519943295, 1.5707963267948966], "pinky_3_limits": [-0.17453292519943295, 1.5707963267948966], "pinky_2_dh": [-0.0005140636549223545, 0.03884135128944082, -0.018939912869477816, 0.0], "pinky_2_dof_index": 11, "thumb_3_tau0": [[1.0, 0.0, 0.0], [0.0, 1.0, 0.0], [0.0, 0.0, 1.0]], "index_2_limits": [-0.17453292519943295, 1.5707963267948966], "index_2_dof_index": 2, "mid_1_dh": [-0.005594508517977703, -0.0596203735648502, -0.03123817537726813, 0.0], "index_2_dh": [-0.004942098098762452, 0.18339080444503852, -0.021636983141463315, 0.0], "mid_0_dof_index": 3, "thumb_0_dof_coeff": 1.0, "thumb_2_dof_coeff": 1.0, "index_1_limits": [-0.17453292519943295, 1.5707963267948966], "pinky_0_dh": [0.0, 0.0, 0.0, 1.5707963267948966], "mid_0_limits": [-0.17453292519943295, 0.17453292519943295], "mid_3_dh": [0.0, 0.0, 0.0, 0.0], "mid_mano_origin": [[1.0, 0.0, 0.0], [0.0, 1.0, 0.0], [0.0, 0.0, 1.0]], "ring_2_dof_coeff": 1.0, "thumb_1_dh": [0.002439784569114367, 0.8681118185620288, 0.03068797591809299, 0.767944870877505], "ring_mano_origin": [[0.9905213009899501, 0.009786438426829022, 0.13701013797560632], [-0.009786438426829022, 0.9999518847765987, -0.0006736131276177622], [-0.13701013797560632, -0.0006736131276177622, 0.9905694162133514]], "ring_1_dof_coeff": 1.0, "ring_3_dof_index": 8, "mid_1_limits": [-0.17453292519943295, 1.5707963267948966], "mid_graspit_origin": [[1.0, 0.0, 0.0], [0.0, 6.123233995736766e-17, 1.0], [0.0, -1.0, 6.123233995736766e-17]], "ring_1_tau0": [[0.9966772840663224, 0.0814517736220594, 0.0], [-0.0814517736220594, 0.9966772840663224, 0.0], [0.0, 0.0, 1.0]], "index_0_dh": [0.0, 0.0, 0.0, 1.5707963267948966], "mid_1_dof_coeff": 1.0}